window,turn,start_lisbon,end_lisbon,recorded_active_seconds,elapsed_seconds,Analysis,Reanalysis due to inconsistencies,Implementation,Documentation,Testing and verification,Technical diagnosis,Environment and operational integration,Communication and follow-up,Context compaction,Unattributed active time
1,01a0e547-f313-7fa0-a3f3-f03f49d2bba2,28/09/2026 00:51:32,28/09/2026 01:03:21,707.983,708.119,319.342,0,0,366.285,0,0,0.634,21.723,0,0
1,01a0e552-c41e-7f11-a773-01de4a428591,28/09/2026 01:03:21,28/09/2026 01:09:56,394.399,395,183.973,0,0,200.134,0,0,0.84,9.453,0,0
1,01a0e558-c8c1-72f3-852c-ec6ae06ebf1f,28/09/2026 01:09:56,28/09/2026 01:25:09,913,913,222.701,188.016,114.798,175.654,194.173,0,0.503,17.155,0,0
1,01a0e566-b7d9-7bb3-87e6-cd7c1acbcebd,28/09/2026 01:25:09,28/09/2026 01:38:38,809,809,0,349.145,0,233.273,0,0,0.642,16.873,209.067,0
1,01a0e573-108b-75a0-aa4d-f20fec322dd7,28/09/2026 01:38:38,28/09/2026 01:43:53,315,315,150.985,0,0,151.793,0,0,0.013,12.209,0,0
1,01a0e577-e02b-7121-9d7c-55e567092b95,28/09/2026 01:43:53,28/09/2026 01:56:04,443.01,731,221.01,0,82.428,12.674,108.744,0,6.827,11.326,0,0
1,01a0e583-06e3-7002-841d-60bac46535df,28/09/2026 01:56:04,28/09/2026 02:00:56,291.969,292,152.784,0,0,123.972,0,0,5.929,9.284,0,0
1,01a0e587-7b6d-77b3-b31f-bc65684655db,28/09/2026 02:00:56,28/09/2026 02:07:55,418.914,419,183.162,0,0,0,0,0,6.034,8.134,221.584,0
1,01a0e58d-dfd1-7af0-8847-fefbbc3e0cfc,28/09/2026 02:07:55,28/09/2026 02:09:22,86.834,87,69.296,0,0,0,0,0,0.253,17.286,0,0
1,01a0e58f-330a-7453-af7a-28bc43531f3e,28/09/2026 02:09:22,28/09/2026 02:09:50,28,28,17.16,0,0,0,0,0,2.959,7.881,0,0
1,01a0e58f-a121-73d0-81d7-6059e026d908,28/09/2026 02:09:50,28/09/2026 02:10:10,19.761,20,10.038,0,0,0,0,0,2.817,6.906,0,0
1,01a0e59d-0ead-7bb0-a6e0-1c065f06da8f,28/09/2026 02:24:30,28/09/2026 02:25:18,47.632,48,36.958,0,0,0,0,0,0,10.674,0,0
1,01a0e59f-65c1-7580-af12-8cbe8291cc32,28/09/2026 02:27:03,28/09/2026 02:29:08,124.913,125,57.122,0,0,60.366,0,0,0.541,6.884,0,0
1,01a0e5a1-4db9-74c3-ae71-8a15c7676d85,28/09/2026 02:29:08,28/09/2026 03:31:52,3763.282,3764,1551.683,0,780.921,38.85,956.513,56.683,139.442,34.371,204.82,0
1,01a0e5e1-7926-7b33-8fa9-6a7d51fefc00,28/09/2026 03:39:14,28/09/2026 03:47:21,486.827,487,251.533,0,180.715,0,2.554,0,4.792,8.415,0,38.818
1,01a0e5e9-1028-7570-a746-f9337733aa10,28/09/2026 03:47:31,28/09/2026 11:39:47,2370.068,28336,511.573,0,198.386,20.509,417.891,45.92,61.652,20.693,171.368,922.076
1,01a0e799-70b7-77f0-b3f4-5856d020ddd7,28/09/2026 11:39:47,28/09/2026 12:05:42,1554.734,1555,742.773,0,306.937,29.165,318.585,85.46,48.984,22.829,0,0
1,01a0e7b1-29f8-79f2-9dd6-86ee973393b2,28/09/2026 12:05:42,28/09/2026 12:34:05,1703,1703,615.78,0,345.986,25.41,423.088,65.706,16.83,27.007,183.193,0
1,01a0e7cb-26a9-7a23-8d01-8522ad32c1b6,28/09/2026 12:34:05,28/09/2026 12:44:57,652,652,236.979,0,200.871,6.516,130.114,46.944,15.175,15.401,0,0
1,01a0e7d5-19dd-7303-b0a3-9f0cffc37a89,28/09/2026 12:44:57,28/09/2026 13:00:15,917.781,918,389.155,0,266.526,18.738,203.098,19.322,4.04,16.902,0,0
1,01a0e7e3-1b0e-7170-bfd8-6d30c493df5a,28/09/2026 13:00:15,28/09/2026 13:12:45,749.372,750,332.473,0,227.467,17.528,108.888,46.235,2.891,13.89,0,0
1,01a0e7ee-8a52-7633-8a91-8e8650eb2c99,28/09/2026 13:12:45,28/09/2026 13:34:03,1278,1278,572.188,0,164.351,44.154,278.31,17.226,3.161,16.391,182.219,0
1,01a0e802-0b8b-71d1-ba51-bf2d25da0f3d,28/09/2026 13:34:03,28/09/2026 13:52:16,1093,1093,473.829,0,229.107,44.766,291.655,30.915,3.915,18.813,0,0
1,01a0e812-bb78-75e1-92e7-4bd0bf528d3d,28/09/2026 13:52:16,28/09/2026 14:10:01,1064.293,1065,523.98,0,234.099,5.198,271.853,1.808,7.737,19.618,0,0
1,01a0e822-f8e1-78a2-a326-83e12f7f1975,28/09/2026 14:10:01,28/09/2026 14:37:11,1630,1630,814.308,0,181.389,14.444,374.729,10.86,6.581,26.855,200.834,0
1,01a0e83b-d9c3-7700-85f1-0d828553f6c9,28/09/2026 14:37:11,28/09/2026 14:51:38,867,867,337.052,0,167.188,13.482,303.667,25.466,6.115,14.03,0,0
1,01a0e849-150e-79d2-96e0-9d08d1837a91,28/09/2026 14:51:38,28/09/2026 15:07:43,964.956,965,414.677,0,117.171,18.96,234.678,135.072,30.922,13.476,0,0
1,01a0e857-ce8a-7c72-bdd6-a793a000d021,28/09/2026 15:07:43,28/09/2026 15:39:36,1912.679,1913,853.253,0,193.681,6.808,575.711,59.785,20.279,29.398,173.764,0
1,01a0e874-fded-75c0-a56d-48a16ba410c8,28/09/2026 15:39:36,28/09/2026 15:59:19,1183,1183,443.179,0,458.819,6.64,186.639,59.836,5.369,22.518,0,0
1,01a0e887-0ba0-7043-97de-4026e929c2f3,28/09/2026 15:59:19,28/09/2026 16:18:19,1139.87,1140,497.045,0,319.475,14.419,196.52,91.374,3.369,17.669,0,0
1,01a0e898-7061-7b71-9b82-7a8130fbf956,28/09/2026 16:18:19,28/09/2026 16:42:24,1444.547,1445,484.81,0,225.056,10.455,445.583,55.082,10.071,34.633,178.856,0
1,01a0e8ae-7b44-7e73-aef3-89e7ce76f033,28/09/2026 16:42:24,28/09/2026 17:05:10,1366,1366,576.828,0,381.996,16.762,360.19,14.92,0,15.304,0,0
1,01a0e8c3-53f3-7850-a804-637123853bc1,28/09/2026 17:05:10,28/09/2026 17:43:42,2312,2312,745.76,0,569.153,42.975,529.835,214.546,4.49,25.184,180.057,0
1,01a0e8e6-9d90-7151-a02c-7791371d6c1b,28/09/2026 17:43:42,28/09/2026 18:03:34,1191.636,1192,407.705,0,118.628,21.097,506.222,117.269,0,20.715,0,0
1,01a0e8f8-cc60-7613-a6d5-46dc46c58311,28/09/2026 18:03:34,28/09/2026 18:21:07,1052.966,1053,371.586,0,170.326,12.674,413.104,69.296,0,15.981,0,0
1,01a0e908-dd8e-7702-9bdd-49ef0c708214,28/09/2026 18:21:07,28/09/2026 18:24:46,219,219,0,43.611,0,0,0,0,0.477,7.741,167.171,0
1,01a0e90c-35b0-7991-949a-9048ab2fac9c,28/09/2026 18:24:46,28/09/2026 18:35:25,639.784,639.784,56.217,169.605,84.814,0,277.082,34.072,1.969,16.025,0,0
2,01a0eacf-d770-7772-8794-d1a685a41122,29/09/2026 02:39:18,29/09/2026 02:41:21,123.197,123.197,12.605,0,0,0,0,0,3.725,1.438,97.668,7.761
