activity,Coordinator,Graph presentation,English product,total_seconds,percentage
Analysis,1106.6647036366703,296.2624761153108,223.52999997138977,1626.457179723371,42.46604531995341
Implementation,0,305.9292985969832,122.45499992370605,428.38429852068924,11.184916063040843
Documentation,219.18656450787893,46.630953991996094,19.26900005340576,285.08651855328077,7.443477250996821
Testing and verification,221.6325362350991,323.83506768355073,225.66000032424927,771.1276042428991,20.133785381804913
Technical diagnosis,182.5679716975234,0,0,182.5679716975234,4.7667653699912504
Environment and operational integration,45.58449278369909,0,6.92799973487854,52.51249251857763,1.3710769118046573
Communication and follow-up,188.34090707319007,49.4702072134183,48.32100009918213,286.1321143857905,7.470777274977326
Context compaction,195.81982405831042,0,0,195.81982405831042,5.1127651109879535
Unattributed active time,0,1.652996301466254,0.27700018882751465,1.9299964902937687,0.050391316442837994
